{"cameraMode":{"drawMode":0,"name":"Shaded","section":"Shading Mode"},"sceneLighting":true,"audioPlay":false,"sceneViewState":{"m_AlwaysRefresh":false,"showFog":true,"showSkybox":true,"showFlares":true,"showImageEffects":true,"showParticleSystems":true,"showVisualEffectGraphs":true,"m_FxEnabled":true},"in2DMode":false,"pivot":{"x":-16.168075561523439,"y":-5.660089015960693,"z":-10.991679191589356},"rotation":{"x":0.07760556042194367,"y":-0.869790256023407,"z":0.14510969817638398,"w":0.46517571806907656},"size":12.867374420166016,"orthographic":false}